url,title,status,depth
https://go.dev/,The Go Programming Language,200,0
https://go.dev/solutions/case-studies,Case Studies - The Go Programming Language,200,1
https://go.dev/solutions/use-cases,Use Cases - The Go Programming Language,200,1
https://go.dev/security/,Security - The Go Programming Language,200,1
https://go.dev/learn/,Get Started - The Go Programming Language,200,1
https://go.dev/ref/spec,The Go Programming Language Specification - The Go Programming Language,200,1
https://go.dev/doc,Documentation - The Go Programming Language,200,1
https://go.dev/doc/devel/release,Release History - The Go Programming Language,200,1
https://go.dev/doc/effective_go,Effective Go - The Go Programming Language,200,1
https://go.dev/talks/,talks - The Go Programming Language,200,1
https://go.dev/wiki/Conferences,Go Wiki: Go Conferences and Major Events - The Go Programming Language,200,1
https://go.dev/blog,The Go Blog - The Go Programming Language,200,1
https://go.dev/help,Help - The Go Programming Language,200,1
https://go.dev/dl,All releases - The Go Programming Language,200,1
https://go.dev/dl/,All releases - The Go Programming Language,200,1
https://go.dev/solutions/,Why Go - The Go Programming Language,200,1
https://go.dev/solutions/google/,Using Go at Google - The Go Programming Language,200,1
https://go.dev/solutions/paypal,PayPal Taps Go to Modernize and Scale - The Go Programming Language,200,1
https://go.dev/solutions/americanexpress,American Express Uses Go for Payments & Rewards - The Go Programming Language,200,1
https://go.dev/solutions/mercadolibre,MercadoLibre Grows with Go - The Go Programming Language,200,1
https://go.dev/tour/,A Tour of Go,200,1
https://go.dev/solutions/cloud/,Go for Cloud & Network Services - The Go Programming Language,200,1
https://go.dev/solutions/clis/,Command-line Interfaces (CLIs) - The Go Programming Language,200,1
https://go.dev/pkg/net/http/,http package - net/http - Go Packages,200,1
https://go.dev/pkg/html/template/,template package - html/template - Go Packages,200,1
https://go.dev/pkg/database/sql/,sql package - database/sql - Go Packages,200,1
https://go.dev/solutions/webdev/,Go for Web Development - The Go Programming Language,200,1
https://go.dev/solutions/devops/,Development Operations & Site Reliability Engineering - The Go Programming Language,200,1
https://go.dev/doc/install/,Download and install - The Go Programming Language,200,1
https://go.dev/learn,Get Started - The Go Programming Language,200,1
https://go.dev/play,Go Playground - The Go Programming Language,200,1
https://go.dev/help/,Help - The Go Programming Language,200,1
https://go.dev/pkg/,Standard library - Go Packages,200,1
https://go.dev/project,The Go Project - The Go Programming Language,200,1
https://go.dev/blog/,The Go Blog - The Go Programming Language,200,1
https://go.dev/brand,Brand and Trademark Usage Guidelines - The Go Programming Language,200,1
https://go.dev/conduct,Go Community Code of Conduct - The Go Programming Language,200,1
https://go.dev/wiki/,Go Wiki: Home - The Go Programming Language,200,1
https://go.dev/copyright,Copyright - The Go Programming Language,200,1
https://go.dev/tos,Terms of Service - The Go Programming Language,200,1
https://go.dev/s/website-issue,Sign in to GitHub · GitHub,200,1
https://go.dev/solutions/cloud,Go for Cloud & Network Services - The Go Programming Language,200,2
https://go.dev/solutions/clis,Command-line Interfaces (CLIs) - The Go Programming Language,200,2
https://go.dev/solutions/webdev,Go for Web Development - The Go Programming Language,200,2
https://go.dev/solutions/devops,Development Operations & Site Reliability Engineering - The Go Programming Language,200,2
